{
  "model_info": {
    "model_type": "Ensemble (LGB+XGB+CatBoost+others)",
    "n_features": 118,
    "training_samples": 33061,
    "cv_folds": 5
  },
  "overall_performance": {
    "rmse": 0.13357289603896422,
    "mae": 0.08203721344422275,
    "r2": 0.631013727620388,
    "mape": 260.2582026725106
  },
  "by_time_period": {
    "pre": {
      "rmse": 0.1553694107134388,
      "mae": 0.08914565837198736,
      "r2": 0.444366883329553,
      "sample_count": 16530
    },
    "post": {
      "rmse": 0.10744377275719322,
      "mae": 0.0749291985234104,
      "r2": 0.3199052642757053,
      "sample_count": 16531
    }
  },
  "by_drivetime": {
    "10min": {
      "rmse": 0.13716261397257626,
      "r2": 0.6221104253458296,
      "sample_count": 10927
    },
    "15min": {
      "rmse": 0.12731788744638378,
      "r2": 0.6498416656061481,
      "sample_count": 11068
    },
    "30min": {
      "rmse": 0.13606700941356675,
      "r2": 0.6221069711648837,
      "sample_count": 11066
    }
  },
  "by_city": {
    "Dallas-Plano-Irving, TX": {
      "rmse": 0.12770179425483213,
      "r2": 0.5431231018986583
    },
    "Houston-The Woodlands-Sugar Land, TX": {
      "rmse": 0.13886496451883032,
      "r2": 0.19970944629910403
    },
    "Atlanta-Sandy Springs-Roswell, GA": {
      "rmse": 0.1364612388074194,
      "r2": 0.7176066099166588
    },
    "Phoenix-Mesa-Scottsdale, AZ": {
      "rmse": 0.1266910802319072,
      "r2": 0.8349788258483314
    },
    "Fort Worth-Arlington, TX": {
      "rmse": 0.21515494358950576,
      "r2": 0.4029151061463604
    },
    "Austin-Round Rock, TX": {
      "rmse": 0.0997624918661376,
      "r2": 0.71584378172091
    },
    "San Antonio-New Braunfels, TX": {
      "rmse": 0.10646659782728717,
      "r2": 0.5318445920467112
    },
    "Charlotte-Concord-Gastonia, NC-SC": {
      "rmse": 0.105835515723119,
      "r2": 0.6634463163848844
    },
    "Tampa-St. Petersburg-Clearwater, FL": {
      "rmse": 0.13163139097678214,
      "r2": 0.5927399094144064
    },
    "Orlando-Kissimmee-Sanford, FL": {
      "rmse": 0.1046499367237629,
      "r2": 0.6909070815521933
    }
  },
  "quartile_accuracy": {
    "exact_match_rate": 0.6311666313783613,
    "within_one_quartile_rate": 0.9668794047366989,
    "confusion_matrix": [
      [
        5649,
        2288,
        295,
        35
      ],
      [
        2250,
        4097,
        1788,
        130
      ],
      [
        338,
        1612,
        4668,
        1647
      ],
      [
        29,
        268,
        1514,
        6453
      ]
    ]
  }
}